"Name","ID","Name","State","Notes","User","Tags","Created","Runtime","Sweep","agent.eps_eval","agent.eps_final","agent.eps_init","algo.amortization_decay_constant","algo.amortization_loss_weight","algo.batch_size","algo.clip_grad_norm","algo.discount","algo.double_dqn","algo.eps_steps","algo.learning_rate","algo.min_steps_learn","algo.model_nce_weight","algo.model_rl_weight","algo.n_step_return","algo.nce_loss_weight","algo.pri_alpha","algo.pri_beta_steps","algo.prioritized_replay","algo.replay_ratio","algo.replay_size","algo.reward_loss_weight","algo.target_update_interval","algo.target_update_tau","alternating","amortization_decay_constant","amortization_loss_weight","async_sample","aug_prob","augmentation","batch_b","batch_size","batch_t","beluga","bits","buffered_nce","byol","byol_tau","c1","classifier","control","cosine_nce","debug","debug_cuda_idx","der","detach_model","dirichlet_alpha","distributional","dqn_hidden_size","dueling","dynamics_blocks","encoder","env.bits","env.episodic_lives","env.game","env.grayscale","env.imagesize","env.max_start_noops","env.num_img_obs","env.seed","env.stack_actions","eps_steps","eval_augmentation","eval_env.bits","eval_env.episodic_lives","eval_env.game","eval_env.grayscale","eval_env.horizon","eval_env.imagesize","eval_env.max_start_noops","eval_env.num_img_obs","eval_env.seed","eval_env.stack_actions","eval_imagesize","eval_simulations","fasteval","film","final_eval_only","frame_dropout","game","global_local_nce","global_nce","gpu_per_run","grad_scale_factor","grayscale","hard_neg_factor","hyperthread_offset","imagesize","init","jumps","keep_last_frame","latent_size","learn_model","local_nce","max_grad_norm","model.dueling","model.framestack","model_nce_weight","model_rl_weight","momentum_encoder","n_cpu_core","n_gpu","n_socket","n_step","n_steps","nce","nce_loss_decay_steps","nce_loss_weight","nce_loss_weight_final","nce_type","no_rl_augmentation","no_search_control","noisy_eps","noisy_nets","norm_type","num_simulations","optim.eps","padding","prioritized_replay","q_dirichlet","replay_ratio","reward_loss_weight","run_slot","runner.log_interval_steps","runner.n_steps","sample_gpu_per_run","sampler.batch_B","sampler.batch_T","sampler.eval_max_steps","sampler.eval_max_trajectories","sampler.eval_n_envs","sampler.max_decorrelation_steps","search_epsilon","seed","set_affinity","shared_encoder","stack_actions","tag","target_augmentation","target_encoder_sn","target_update_interval","target_update_tau","time_contrastive","transition_model","use_all_targets","use_ram","virtual_loss_c","virtual_threads","visit_temp","wandb_dir","AmortizationLoss","CumCompletedTrajs","CumEvalTime","CumReplayRatio","CumSteps","CumTime (s)","CumTrainTime","CumUpdates","DiscountedReturn","DiscountedReturnAverage","DiscountedReturnMax","DiscountedReturnMedian","DiscountedReturnMin","DiscountedReturnStd","GameScore","GameScoreAverage","GameScoreBest","GameScoreDERNormalized","GameScoreDERNormalizedBest","GameScoreMax","GameScoreMedian","GameScoreMin","GameScoreNatureNormalized","GameScoreNatureNormalizedBest","GameScoreNormalized","GameScoreNormalizedBest","GameScoreStd","Iteration","Length","LengthAverage","LengthMax","LengthMedian","LengthMin","LengthStd","ModelNCELoss","NCEAcc","NCELoss","NonzeroRewards","NonzeroRewardsAverage","NonzeroRewardsMax","NonzeroRewardsMedian","NonzeroRewardsMin","NonzeroRewardsStd","ReplayRatio","Return","ReturnAverage","ReturnMax","ReturnMedian","ReturnMin","ReturnStd","RewardLoss","StepsInEval","StepsPerSecond","TrajsInEval","UpdatesPerSecond","cum_steps","gradNorm","gradNormAverage","gradNormMax","gradNormMedian","gradNormMin","gradNormStd","loss","lossAverage","lossMax","lossMedian","lossMin","lossStd","modelGradNorm","modelLoss","modelRLLoss","tdAbsErr","tdAbsErrAverage","tdAbsErrMax","tdAbsErrMedian","tdAbsErrMin","tdAbsErrStd"
"""chopper_command""","""chopper_command""","""chopper_command""","finished","-","ankeshanand","","2020-06-22T00:12:50.000Z","407852","","0.001","0","0","","","32","10","0.9899999999999999","true","43382.35294117647","0.0001","2000","","","10","","0.5","100000","true","42.8235294117647","1000000","","735.6323529411765","0.9272058823529411","","0","0","false","1","[""shift"",""intensity"",""none""]","1","32","1","false","","0","[""1"",""0""]","0.08279411764705882","1.25","[""q_l1"",""bilinear""]","false","0.4852941176470588","","0","true","0.14705882352941177","0.25","0.7352941176470589","256","1","1.0735294117647058","nature","","true","chopper_command","1","84","","","233.73529411764707","0","43382.35294117647","0","","false","chopper_command","1","27000","84","","","233.73529411764707","0","84","0","0.8529411764705882","0","1","0","chopper_command","0","0.4852941176470588","","0.5","1","0","","84","pytorch","0.9558823529411765","1","256","true","0","10","true","","0.7794117647058824","0.14705882352941177","0.4117647058823529","","1","","10","100000","0.4852941176470588","50000","0.14705882352941177","-1","custom","0","0","0","1","[""bn"",""in""]","0","0.00015","valid","1","0","42.8235294117647","0.14705882352941177","","1000000","50000000","","1","1","2392352.9411764704","100","85.44117647058823","1000","0.01","233.73529411764707","","0.07352941176470588","0","[""byol_ql1_b0"",""byol_ql1_rep_test"",""ema_target_control"",""ankesh_config_replication"",""byol_base_no_ema"",""byol_base_shared"",""byol_base_control"",""byol_base_aug_control"",""hybrid_control"",""hybrid_aug_control""]","0.3382352941176471","0","735.6323529411765","0.9272058823529411","0","standard","0","","1","3","0.5","["""",""./wandb"",""./wandb_ablations""]","0","","","","","","","","1.9841619548519986","1.9841619548519986","2.353418403190591","2.012403804239749","1.1323861513226292","0.2548683972379577","864.1687563721586","864.1687563721586","1017.9570357554786","1.046629062444068","4.0739573967613945","1576.4705882352941","839.7058823529412","489.70588235294116","0.009048460921061709","0.03522073447166077","0.008084289680719895","0.03146774050533369","221.34307947692577","","7985.983940300264","7985.983940300264","18827.16176470588","6073.676470588235","2648.705882352941","5633.315630963901","0.021970551033883106","","","6.179202955900758","","","","","","","6.179202955900758","","","","","","","","","","","100000","0.10356903827452502","","","","","","0.20449049449172807","","","","","","0.013630093673802057","","0","","","","","",""
"""breakout""","""breakout""","""breakout""","finished","-","ankeshanand","","2020-06-22T00:12:53.000Z","412066","","0.001","0","0","","","32","10","0.99","true","47383.72093023256","0.0001","2000","","","10","","0.5","100000","true","51.906976744186046","1000000","","407.5988372093023","0.9712209302325582","","0","0","false","1","[""none"",""shift"",""intensity""]","1","32","1","false","0.46153846153846156","0","[""0"",""squared"",""1"",""with_norm""]","0.03877906976744186","1.25","[""none"",""q_l1"",""bilinear""]","false","0.686046511627907","","0","true","0.05813953488372093","0.25","0.4069767441860465","256","1","0.45348837209302323","[""mlp"",""nature""]","0.6","true","breakout","1","59.872093023255815","","","233.0872093023256","0","47383.72093023256","0","0.6","false","breakout","1","27000","59.872093023255815","","","233.0872093023256","0","59.872093023255815","0","0.9418604651162791","0","1","0","breakout","0","0.686046511627907","","0.6017441860465116","1","0","","59.872093023255815","pytorch","2.8488372093023258","1","256","true","0","10","true","","0.9418604651162791","0.05813953488372093","0.6569767441860465","","1","","10","100000","0.686046511627907","50000","0.05813953488372093","-1","custom","0","0","0","1","[""bn"",""in""]","0","0.00015","[""same"",""valid""]","1","0","51.906976744186046","0.10465116279069768","","1000000","50000000","","1","1","2638837.2093023257","100","94.24418604651163","1000","0.01","233.0872093023256","","0.029069767441860465","0","[""ram_bits_test_der_control"",""ram_test_der_control"",""ram_bits_test_hybrid_control"",""ram_test_hybrid_control"",""ram_bits_test_hybrid_byol_nogs_squared"",""ram_bits_test_hybrid_byol_squared"",""byol_ql1_squared_nogs_m1"",""byol_ql1_squared_nogs_m2"",""byol_ql1_squared_nogs_m5"",""ram_test_der_byol""]","0.36627906976744184","0","407.5988372093023","0.9712209302325582","0","[""mlp"",""standard""]","0","0.7575757575757576","1","3","0.5","["""",""./wandb"",""./wandb_ablations""]","0","","","","","","","","1.4552223007583474","1.4552223007583474","1.9440602601224597","1.4529695249090107","0.8880138549420272","0.3313546958758856","10.702311575793107","10.702311575793107","10.731265064165202","45.011557878965554","45.156325320826014","24.127906976744185","9.113372093023257","4.005813953488372","0.022533946372448332","0.02260642068627084","0.3125802630483718","0.31358559250573614","5.236575390289777","","5377.880934629666","5377.880934629666","19423.633720930233","3912.5436046511627","975.8546511627907","4582.588945145082","0.030509264968152944","","","8.4040723731353","","","","","","","8.4040723731353","","","","","","","","","","","100000","0.25344003952664435","","","","","","0.1658032164204399","","","","","","0.08079543749341471","","0","","","","","",""
"""crazy_climber""","""crazy_climber""","""crazy_climber""","finished","-","ankeshanand","","2020-06-22T00:11:59.000Z","408122","","0.001","0","0","","","32","10","0.9900000000000001","true","43181.818181818184","0.0001","2000","","","10","","0.5","100000","true","42.18181818181818","1000000","","757.8939393939394","0.9249999999999999","","0","0","false","1","[""shift"",""intensity"",""none""]","1","32","1","false","","0","[""1"",""0""]","0.085","1.25","[""q_l1"",""bilinear""]","false","0.5303030303030303","","0","true","0.15151515151515152","0.25","0.7575757575757576","256","1","1.0757575757575757","nature","","true","crazy_climber","1","84","","","232.84848484848484","0","43181.818181818184","0","","false","crazy_climber","1","27000","84","","","232.84848484848484","0","84","0","0.8484848484848485","0","1","0","crazy_climber","0","0.5303030303030303","","0.5","1","0","","84","pytorch","1.1363636363636365","1","256","true","0","10","true","","0.7727272727272727","0.15151515151515152","0.45454545454545453","","1","","10","100000","0.5303030303030303","50000","0.15151515151515152","-1","custom","0","0","0","1","[""bn"",""in""]","0","0.00015","valid","1","0","42.18181818181818","0.15151515151515152","","1000000","50000000","","1","1","2380000","100","85","1000","0.01","232.84848484848484","","0.07575757575757576","0","[""byol_ql1_b0"",""byol_ql1_rep_test"",""ankesh_config_replication"",""ema_target_control"",""byol_base_no_ema"",""byol_base_shared"",""byol_base_aug_control"",""byol_base_control"",""hybrid_aug_control"",""hybrid_control""]","0.36363636363636365","0","757.8939393939394","0.9249999999999999","0","standard","0","","1","3","0.5","["""",""./wandb"",""./wandb_ablations""]","0","","","","","","","","5.532581888760167","5.532581888760167","6.2435921312694544","5.639053180778285","3.668056147240057","0.5909733787153278","27450.0202020202","27450.0202020202","28100.171717171717","3.084206668520612","3.204498171471973","42801.51515151515","27258.333333333332","12363.636363636364","0.1613348515765705","0.167627300125062","0.6654791309007662","0.6914344229555676","7544.005911351497","","4362.825808080808","4362.825808080808","12807.924242424242","3764.8939393939395","2264.1969696969695","2085.9953668811786","0.032318231118153136","","","208.48141414141415","","","","","","","208.48141414141415","","","","","","","","","","","100000","0.5494908967218504","","","","","","0.5259755546138676","","","","","","0.01841368320565909","","0","","","","","",""
"""pong""","""pong""","""pong""","finished","-","ankeshanand","","2020-06-22T00:12:57.000Z","412040","","0.001","0","0","","","32","10","0.9900000000000001","true","47305.389221556885","0.00009999999999999999","2000","","","10","","0.5","100000","true","52.119760479041915","1000000","","401.8263473053892","0.9703592814371258","","0","0","false","1","[""none"",""shift"",""intensity""]","1","32","1","false","0.46153846153846156","0","[""0"",""squared"",""1"",""with_norm""]","0.03964071856287425","1.25","[""none"",""q_l1"",""bilinear""]","false","0.688622754491018","","0","true","0.059880239520958084","0.25","0.40119760479041916","256","1","0.46107784431137727","[""mlp"",""nature""]","0.6","true","pong","1","59.1497005988024","","","235.2874251497006","0","47305.389221556885","0","0.6","false","pong","1","27000","59.1497005988024","","","235.2874251497006","0","59.1497005988024","0","0.9401197604790419","0","1","0","pong","0","0.688622754491018","","0.6047904191616766","1","0","","59.1497005988024","pytorch","2.844311377245509","1","256","true","0","10","true","","0.9580838323353293","0.059880239520958084","0.6586826347305389","","1","","10","100000","0.688622754491018","50000","0.059880239520958084","-1","custom","0","0","0","1","[""bn"",""in""]","0","0.00015","[""same"",""valid""]","1","0","52.119760479041915","0.10179640718562874","","1000000","50000000","","1","1","2634011.976047904","100","94.07185628742515","1000","0.01","235.2874251497006","","0.029940119760479042","0","[""ram_test_der_control"",""ram_bits_test_der_control"",""ram_bits_test_hybrid_control"",""ram_test_hybrid_control"",""ram_bits_test_hybrid_byol_squared"",""ram_bits_test_hybrid_byol_nogs_squared"",""byol_ql1_squared_nogs_m5"",""byol_ql1_squared_nogs_m1"",""byol_ql1_squared_nogs_m2"",""ram_bits_test_der_byol""]","0.3532934131736527","0","401.8263473053892","0.9703592814371258","0","[""mlp"",""standard""]","0","0.7692307692307693","1","3","0.5","["""",""./wandb"",""./wandb_ablations""]","0","","","","","","","","-0.39427586902064776","-0.39427586902064776","0.055955098515294024","-0.378864591576321","-0.8900153788372097","0.28317337875265025","-9.984412177975052","-9.984412177975052","-9.952795411507987","7.653991301446399","7.676574706065732","-0.5688622754491018","-10.529940119760479","-17.7125748502994","0.2705956520713371","0.27139405526494986","0.303557728669262","0.30445338777597775","5.1930159701734135","","3428.1033173280475","3428.1033173280475","8119.922155688623","3053.374251497006","1959.7185628742516","1514.0678036286222","0.03962938401433677","","","26.748725183665304","","","","","","","-10.224651698933137","","","","","","","","","","","100000","0.24895419410965863","","","","","","0.255871290433145","","","","","","0.07330073620208195","","0","","","","","",""
"""private_eye""","""private_eye""","""private_eye""","finished","-","ankeshanand","","2020-06-22T00:13:03.000Z","407939","","0.001","0","0","","","32","10","0.99","true","43478.260869565216","0.0001","2000","","","10","","0.5","100000","true","43.130434782608695","1000000","","724.9855072463768","0.9282608695652174","","0","0","false","1","[""shift"",""intensity"",""none""]","1","32","1","false","","0","[""1"",""0""]","0.0817391304347826","1.25","[""q_l1"",""bilinear""]","false","0.4927536231884058","","0","true","0.14492753623188406","0.25","0.7246376811594203","256","1","1.0724637681159421","nature","","true","private_eye","1","84","","","236.43478260869566","0","43478.260869565216","0","","false","private_eye","1","27000","84","","","236.43478260869566","0","84","0","0.855072463768116","0","1","0","private_eye","0","0.4927536231884058","","0.5","1","0","","84","pytorch","1.0144927536231885","1","256","true","0","10","true","","0.782608695652174","0.14492753623188406","0.42028985507246375","","1","","10","100000","0.4927536231884058","50000","0.14492753623188406","-1","custom","0","0","0","1","[""bn"",""in""]","0","0.00015","valid","1","0","43.130434782608695","0.14492753623188406","","1000000","50000000","","1","1","2398260.8695652173","100","85.65217391304348","1000","0.01","236.43478260869566","","0.07246376811594203","0","[""byol_ql1_b0"",""byol_ql1_rep_test"",""ankesh_config_replication"",""ema_target_control"",""byol_base_no_ema"",""byol_base_shared"",""byol_base_control"",""byol_base_aug_control"",""hybrid_control"",""hybrid_aug_control""]","0.34782608695652173","0","724.9855072463768","0.9282608695652174","0","standard","0","","1","3","0.5","["""",""./wandb"",""./wandb_ablations""]","0","","","","","","","","0.35936304543088443","0.35936304543088443","0.4274301843308646","0.3604933409950654","0.23896467667222895","0.04179489337646148","253.6755072463768","253.6755072463768","296.0239130434783","3.1382099759448123","3.7191208922287826","520.2898550724638","248.28985507246378","-36.98550724637681","0.12975753346173038","0.15377682096504922","0.0032895377366244233","0.0038984607836419745","106.31655187968846","","2693.6485507246375","2693.6485507246375","2696.942028985507","2693.753623188406","2690.086956521739","2.2306244801107087","0.030607923972580085","","","1.6071014492753624","","","","","","","-0.0644927536231884","","","","","","","","","","","100000","0.11310436729467514","","","","","","0.11743882525236374","","","","","","0.021728844550686577","","0","","","","","",""
"""demon_attack""","""demon_attack""","""demon_attack""","finished","-","ankeshanand","","2020-06-22T00:12:57.000Z","408067","","0.001","0","0","","","32","10","0.99","true","43571.42857142857","0.0001","2000","","","10","","0.5","100000","true","43.42857142857143","1000000","","714.6428571428571","0.9292857142857143","","0","0","false","1","[""shift"",""intensity"",""none""]","1","32","1","false","","0","[""1"",""0""]","0.08071428571428572","1.25","[""q_l1"",""bilinear""]","false","0.5","","0","true","0.14285714285714285","0.25","0.7142857142857143","256","1","1.0714285714285714","nature","","true","demon_attack","1","84","","","234.77142857142857","0","43571.42857142857","0","","false","demon_attack","1","27000","84","","","234.77142857142857","0","84","0","0.8571428571428571","0","1","0","demon_attack","0","0.5","","0.5","1","0","","84","pytorch","1.0714285714285714","1","256","true","0","10","true","","0.7857142857142857","0.14285714285714285","0.42857142857142855","","1","","10","100000","0.5","50000","0.14285714285714285","-1","custom","0","0","0","1","[""bn"",""in""]","0","0.00015","valid","1","0","43.42857142857143","0.14285714285714285","","1000000","50000000","","1","1","2404000","100","85.85714285714286","1000","0.01","234.77142857142857","","0.07142857142857142","0","[""byol_ql1_b0"",""ankesh_config_replication"",""ema_target_control"",""byol_ql1_rep_test"",""byol_base_shared"",""byol_base_no_ema"",""byol_base_control"",""byol_base_aug_control"",""hybrid_control"",""hybrid_aug_control""]","0.35714285714285715","0","714.6428571428571","0.9292857142857143","0","standard","0","","1","3","0.5","["""",""./wandb"",""./wandb_ablations""]","0","","","","","","","","2.1796781361224236","2.1796781361224236","3.4234775590907174","2.1926609547814313","0.8963359040521282","0.5947964008988101","302.65477370904","302.65477370904","307.7933451376114","0.42302549510828885","0.4374637402012122","1316.142857142857","236.5","62.57142857142857","0.01575021955549697","0.01628778888131599","0.08277243042995215","0.08559752880180956","235.12853464194066","","2122.2297253547113","2122.2297253547113","3960.7285714285713","2103.385714285714","718.6571428571428","669.4639823003032","0.04967182794038473","","","21.983672913811624","","","","","","","21.983672913811624","","","","","","","","","","","100000","0.3091321575451788","","","","","","0.49487820990879305","","","","","","0.023882041217918655","","0","","","","","",""
"""freeway""","""freeway""","""freeway""","finished","-","ankeshanand","","2020-06-22T00:12:56.000Z","408172","","0.001","0","0","","","32","10","0.99","true","43571.42857142857","0.0001","2000","","","10","","0.5","100000","true","43.42857142857143","1000000","","714.6428571428571","0.9292857142857143","","0","0","false","1","[""shift"",""intensity"",""none""]","1","32","1","false","","0","[""1"",""0""]","0.08071428571428572","1.25","[""q_l1"",""bilinear""]","false","0.5","","0","true","0.14285714285714285","0.25","0.7142857142857143","256","1","1.0714285714285714","nature","","true","freeway","1","84","","","234.77142857142857","0","43571.42857142857","0","","false","freeway","1","27000","84","","","234.77142857142857","0","84","0","0.8571428571428571","0","1","0","freeway","0","0.5","","0.5","1","0","","84","pytorch","1.0714285714285714","1","256","true","0","10","true","","0.7857142857142857","0.14285714285714285","0.42857142857142855","","1","","10","100000","0.5","50000","0.14285714285714285","-1","custom","0","0","0","1","[""bn"",""in""]","0","0.00015","valid","1","0","43.42857142857143","0.14285714285714285","","1000000","50000000","","1","1","2404000","100","85.85714285714286","1000","0.01","234.77142857142857","","0.07142857142857142","0","[""byol_ql1_b0"",""ankesh_config_replication"",""byol_ql1_rep_test"",""ema_target_control"",""byol_base_shared"",""byol_base_no_ema"",""byol_base_control"",""byol_base_aug_control"",""hybrid_control"",""hybrid_aug_control""]","0.35714285714285715","0","714.6428571428571","0.9292857142857143","0","standard","0","","1","3","0.5","["""",""./wandb"",""./wandb_ablations""]","0","","","","","","","","1.0532419539112863","1.0532419539112863","1.2601794864063898","1.0717604607524698","0.7013840495519559","0.1581069868514522","25.52920879120879","25.52920879120879","25.529351648351646","0.9150254047028241","0.9150305250305252","27.34285714285714","25.535714285714285","23.428571428571427","0.8425481449243826","0.8425528596815725","0.86247326997327","0.8624780962280961","0.9877446446257678","","2044.1625274725275","2044.1625274725275","2047.857142857143","2044.1714285714286","2040.2857142857142","2.252942145090171","0.029223771019698003","","","25.52920879120879","","","","","","","25.52920879120879","","","","","","","","","","","100000","0.14568687280036227","","","","","","0.3768389274875083","","","","","","0.020904904962223636","","0","","","","","",""
"""battle_zone""","""battle_zone""","""battle_zone""","finished","-","ankeshanand","","2020-06-22T00:11:59.000Z","412245","","0.001","0","0","","","32","10","0.99","true","47428.57142857143","0.0001","2000","","","10","","0.5","100000","true","52.114285714285714","1000000","","400.62857142857143","0.9717142857142858","","0","0","false","1","[""none"",""shift"",""intensity""]","1","32","1","false","0.46153846153846156","0","[""0"",""squared"",""1"",""with_norm""]","0.038285714285714284","1.25","[""none"",""q_l1"",""bilinear""]","false","0.6857142857142857","","0","true","0.05714285714285714","0.25","0.4","256","1","0.45714285714285713","[""mlp"",""nature""]","0.6","true","battle_zone","1","60.285714285714285","","","234.66857142857143","0","47428.57142857143","0","0.6","false","battle_zone","1","27000","60.285714285714285","","","234.66857142857143","0","60.285714285714285","0","0.9428571428571428","0","1","0","battle_zone","0","0.6857142857142857","","0.6","1","0","","60.285714285714285","pytorch","2.857142857142857","1","256","true","0","10","true","","0.9428571428571428","0.05714285714285714","0.6571428571428571","","1","","10","100000","0.6857142857142857","50000","0.05714285714285714","-1","custom","0","0","0","1","[""bn"",""in""]","0","0.00015","[""same"",""valid""]","1","0","52.114285714285714","0.11428571428571428","","1000000","50000000","","1","1","2641600","100","94.34285714285714","1000","0.01","234.66857142857143","","0.02857142857142857","0","[""ram_bits_test_der_control"",""ram_test_der_control"",""ram_bits_test_hybrid_control"",""ram_test_hybrid_control"",""ram_bits_test_hybrid_byol_squared"",""ram_bits_test_hybrid_byol_nogs_squared"",""byol_ql1_squared_nogs_m1"",""byol_ql1_squared_nogs_m5"",""byol_ql1_squared_nogs_m2"",""ram_bits_test_der_byol""]","0.37142857142857144","0","400.62857142857143","0.9717142857142858","0","[""mlp"",""standard""]","0","0.6666666666666666","1","3","0.5","["""",""./wandb"",""./wandb_ablations""]","0","","","","","","","","0.4011565284705899","0.4011565284705899","0.6728430763048604","0.3840679751321224","0.18875504910316893","0.13239515173500344","9736.584389545293","9736.584389545293","10031.841532402435","0.9500276111512881","0.9880536708140063","23411.428571428572","9137.142857142857","2422.8571428571427","0.30812800290498293","0.32046121689233226","0.2118034423816034","0.22028114370547514","4435.470705757977","","2031.8647761188688","2031.8647761188688","9914.891428571429","1746.3685714285714","969.1828571428572","1298.9837323445954","0.032091862793831555","","","7.874823666308629","","","","","","","7.874823666308629","","","","","","","","","","","100000","0.1229915416418658","","","","","","0.12760444173263746","","","","","","0.06087858765094707","","0","","","","","",""
"""kung_fu_master""","""kung_fu_master""","""kung_fu_master""","finished","-","ankeshanand","","2020-06-22T00:12:50.000Z","407867","","0.001","0","0","","","32","10","0.99","true","43571.42857142857","0.0001","2000","","","10","","0.5","100000","true","43.42857142857143","1000000","","714.6428571428571","0.9292857142857143","","0","0","false","1","[""shift"",""intensity"",""none""]","1","32","1","false","","0","[""1"",""0""]","0.08071428571428572","1.25","[""q_l1"",""bilinear""]","false","0.5","","0","true","0.14285714285714285","0.25","0.7142857142857143","256","1","1.0714285714285714","nature","","true","kung_fu_master","1","84","","","234.77142857142857","0","43571.42857142857","0","","false","kung_fu_master","1","27000","84","","","234.77142857142857","0","84","0","0.8571428571428571","0","1","0","kung_fu_master","0","0.5","","0.5","1","0","","84","pytorch","1.0714285714285714","1","256","true","0","10","true","","0.7857142857142857","0.14285714285714285","0.42857142857142855","","1","","10","100000","0.5","50000","0.14285714285714285","-1","custom","0","0","0","1","[""bn"",""in""]","0","0.00015","valid","1","0","43.42857142857143","0.14285714285714285","","1000000","50000000","","1","1","2404000","100","85.85714285714286","1000","0.01","234.77142857142857","","0.07142857142857142","0","[""byol_ql1_b0"",""byol_ql1_rep_test"",""ema_target_control"",""ankesh_config_replication"",""byol_base_no_ema"",""byol_base_shared"",""byol_base_control"",""byol_base_aug_control"",""hybrid_control"",""hybrid_aug_control""]","0.35714285714285715","0","714.6428571428571","0.9292857142857143","0","standard","0","","1","3","0.5","["""",""./wandb"",""./wandb_ablations""]","0","","","","","","","","0.9763818610208798","0.9763818610208798","1.26582367416981","0.9811234636292844","0.5165363729986037","0.17362333569064833","10034.335679399965","10034.335679399965","10064.692822257108","0.6939319457821037","0.6960868297124497","18708.571428571428","9560","4240","0.424823921925992","0.4261431380943054","0.4349106976394472","0.4362612365203493","3226.8258874571743","","1982.5130139225853","1982.5130139225853","3022.885714285714","1936.4214285714286","1252.0285714285715","405.33421839788923","0.03483794514374204","","","64.32998181183896","","","","","","","64.32998181183896","","","","","","","","","","","100000","0.2527108376649343","","","","","","0.4855931637947086","","","","","","0.019286076466533453","","0","","","","","",""
"""boxing""","""boxing""","""boxing""","finished","-","ankeshanand","","2020-06-22T00:12:48.000Z","412113","","0.001","0","0","","","32","10","0.9900000000000001","true","47398.84393063584","0.00009999999999999999","2000","","","10","","0.5","100000","true","51.97687861271676","1000000","","405.2485549132948","0.9713872832369943","","0","0","false","1","[""none"",""shift"",""intensity""]","1","32","1","false","0.46153846153846156","0","[""0"",""squared"",""1"",""with_norm""]","0.03861271676300578","1.25","[""none"",""q_l1"",""bilinear""]","false","0.6820809248554913","","0","true","0.057803468208092484","0.25","0.4046242774566474","256","1","0.45664739884393063","[""mlp"",""nature""]","0.6","true","boxing","1","60.01156069364162","","","236.21387283236993","0","47398.84393063584","0","0.6","false","boxing","1","27000","60.01156069364162","","","236.21387283236993","0","60.01156069364162","0","0.9421965317919075","0","1","0","boxing","0","0.6820809248554913","","0.5982658959537572","1","0","","60.01156069364162","pytorch","2.832369942196532","1","256","true","0","10","true","","0.9421965317919075","0.057803468208092484","0.653179190751445","","1","","10","100000","0.6820809248554913","50000","0.057803468208092484","-1","custom","0","0","0","1","[""bn"",""in""]","0","0.00015","[""same"",""valid""]","1","0","51.97687861271676","0.11560693641618497","","1000000","50000000","","1","1","2639768.7861271678","100","94.27745664739885","1000","0.01","236.21387283236993","","0.028901734104046242","0","[""ram_bits_test_der_control"",""ram_test_der_control"",""ram_bits_test_hybrid_control"",""ram_test_hybrid_control"",""ram_bits_test_hybrid_byol_squared"",""ram_bits_test_hybrid_byol_nogs_squared"",""byol_ql1_squared_nogs_m1"",""byol_ql1_squared_nogs_m2"",""byol_ql1_squared_nogs_m5"",""ram_bits_test_der_byol""]","0.3699421965317919","0","405.2485549132948","0.9713872832369943","0","[""mlp"",""standard""]","0","0.6666666666666666","1","3","0.5","["""",""./wandb"",""./wandb_ablations""]","0","","","","","","","","0.4506297745332073","0.4506297745332073","2.5536703714630145","0.5043301080211654","-2.2694786608080006","1.0394120675652772","5.708246628131021","5.708246628131021","9.60102119460501","56.08246628131021","95.01021194605009","25.063583815028903","5.777456647398844","-14.959537572254336","0.07821822354436571","0.13251075585223163","0.4673538856775851","0.7917517662170842","8.138970548596447","","1769.0615606936417","1769.0615606936417","1784.9826589595375","1772.1849710982658","1725.208092485549","14.656306839169925","0.15241802402653815","","","58.48755298651252","","","","","","","5.1518304431599224","","","","","","","","","","","100000","0.50359542581539","","","","","","0.3419993200068907","","","","","","0.29417787855713795","","0","","","","","",""
"""krull""","""krull""","""krull""","finished","-","ankeshanand","","2020-06-22T00:12:49.000Z","408208","","0.001","0","0","","","32","10","0.99","true","43571.42857142857","0.0001","2000","","","10","","0.5","100000","true","43.42857142857143","1000000","","714.6428571428571","0.9292857142857143","","0","0","false","1","[""shift"",""intensity"",""none""]","1","32","1","false","","0","[""1"",""0""]","0.08071428571428572","1.25","[""q_l1"",""bilinear""]","false","0.5","","0","true","0.14285714285714285","0.25","0.7142857142857143","256","1","1.0714285714285714","nature","","true","krull","1","84","","","234.77142857142857","0","43571.42857142857","0","","false","krull","1","27000","84","","","234.77142857142857","0","84","0","0.8571428571428571","0","1","0","krull","0","0.5","","0.5","1","0","","84","pytorch","1.0714285714285714","1","256","true","0","10","true","","0.7857142857142857","0.14285714285714285","0.42857142857142855","","1","","10","100000","0.5","50000","0.14285714285714285","-1","custom","0","0","0","1","[""bn"",""in""]","0","0.00015","valid","1","0","43.42857142857143","0.14285714285714285","","1000000","50000000","","1","1","2404000","100","85.85714285714286","1000","0.01","234.77142857142857","","0.07142857142857142","0","[""byol_ql1_b0"",""byol_ql1_rep_test"",""ema_target_control"",""ankesh_config_replication"",""hybrid_aug_control"",""hybrid_control"",""byol_base_shared"",""byol_base_no_ema"",""byol_base_aug_control"",""byol_base_control""]","0.35714285714285715","0","714.6428571428571","0.9292857142857143","0","standard","0","","1","3","0.5","["""",""./wandb"",""./wandb_ablations""]","0","","","","","","","","1.2796990858696184","1.2796990858696184","1.9483113228165978","1.2701543579655739","0.6405480390277778","0.3014303398287411","2602.869172541744","2602.869172541744","2698.015029684601","0.8016507160285153","0.8775548701113691","4098.028571428571","2633.7214285714285","1131.5142857142857","0.45531000115167375","0.49842094684395155","0.9413294356362941","1.0304590442010315","636.9461630824521","","1728.1211737786025","1728.1211737786025","2487.1714285714284","1739.8","1180.7","251.879864616225","0.05110477891659044","","","224.73730055658626","","","","","","","224.73730055658626","","","","","","","","","","","100000","1.4949195400227342","","","","","","0.39534407886372913","","","","","","0.02170405124038433","","0","","","","","",""
"""seaquest""","""seaquest""","""seaquest""","finished","-","ankeshanand","","2020-06-22T00:12:54.000Z","407858","","0.001","0","0","","","32","10","0.99","true","43571.42857142857","0.0001","2000","","","10","","0.5","100000","true","43.42857142857143","1000000","","714.6428571428571","0.9292857142857143","","0","0","false","1","[""shift"",""intensity"",""none""]","1","32","1","false","","0","[""1"",""0""]","0.08071428571428572","1.25","[""q_l1"",""bilinear""]","false","0.5","","0","true","0.14285714285714285","0.25","0.7142857142857143","256","1","1.0714285714285714","nature","","true","seaquest","1","84","","","234.77142857142857","0","43571.42857142857","0","","false","seaquest","1","27000","84","","","234.77142857142857","0","84","0","0.8571428571428571","0","1","0","seaquest","0","0.5","","0.5","1","0","","84","pytorch","1.0714285714285714","1","256","true","0","10","true","","0.7857142857142857","0.14285714285714285","0.42857142857142855","","1","","10","100000","0.5","50000","0.14285714285714285","-1","custom","0","0","0","1","[""bn"",""in""]","0","0.00015","valid","1","0","43.42857142857143","0.14285714285714285","","1000000","50000000","","1","1","2404000","100","85.85714285714286","1000","0.01","234.77142857142857","","0.07142857142857142","0","[""byol_ql1_b0"",""byol_ql1_rep_test"",""ankesh_config_replication"",""ema_target_control"",""byol_base_no_ema"",""byol_base_shared"",""byol_base_control"",""byol_base_aug_control"",""hybrid_control"",""hybrid_aug_control""]","0.35714285714285715","0","714.6428571428571","0.9292857142857143","0","standard","0","","1","3","0.5","["""",""./wandb"",""./wandb_ablations""]","0","","","","","","","","1.4031724482359464","1.4031724482359464","1.7446351222762597","1.4072903832378567","1.0285034460145956","0.16179078202719996","341.17225836210054","341.17225836210054","342.21225836210056","0.9547506417994417","0.9583908238085422","525.4285714285714","336.85714285714283","200.28571428571428","0.052279258349068644","0.05247858370938756","0.006496696740653512","0.006521466725148455","71.75956885690061","","1326.5550009463318","1326.5550009463318","1774.2285714285715","1331.15","746.6571428571428","213.18507568187314","0.03435536565428902","","","16.985418277428245","","","","","","","16.985418277428245","","","","","","","","","","","100000","0.19857509988417935","","","","","","0.39583778015273446","","","","","","0.021570901171426522","","0","","","","","",""
"""gopher""","""gopher""","""gopher""","finished","-","ankeshanand","","2020-06-22T00:13:04.000Z","408209","","0.001","0","0","","","32","10","0.99","true","43571.42857142857","0.0001","2000","","","10","","0.5","100000","true","43.42857142857143","1000000","","714.6428571428571","0.9292857142857143","","0","0","false","1","[""shift"",""intensity"",""none""]","1","32","1","false","","0","[""1"",""0""]","0.08071428571428572","1.25","[""q_l1"",""bilinear""]","false","0.5","","0","true","0.14285714285714285","0.25","0.7142857142857143","256","1","1.0714285714285714","nature","","true","gopher","1","84","","","234.77142857142857","0","43571.42857142857","0","","false","gopher","1","27000","84","","","234.77142857142857","0","84","0","0.8571428571428571","0","1","0","gopher","0","0.5","","0.5","1","0","","84","pytorch","1.0714285714285714","1","256","true","0","10","true","","0.7857142857142857","0.14285714285714285","0.42857142857142855","","1","","10","100000","0.5","50000","0.14285714285714285","-1","custom","0","0","0","1","[""bn"",""in""]","0","0.00015","valid","1","0","43.42857142857143","0.14285714285714285","","1000000","50000000","","1","1","2404000","100","85.85714285714286","1000","0.01","234.77142857142857","","0.07142857142857142","0","[""byol_ql1_b0"",""byol_ql1_rep_test"",""ema_target_control"",""ankesh_config_replication"",""byol_base_shared"",""byol_base_no_ema"",""byol_base_aug_control"",""byol_base_control"",""hybrid_aug_control"",""hybrid_control""]","0.35714285714285715","0","714.6428571428571","0.9292857142857143","0","standard","0","","1","3","0.5","["""",""./wandb"",""./wandb_ablations""]","0","","","","","","","","0.5175647679755999","0.5175647679755999","0.7003047118505583","0.517934763048416","0.35654918311753464","0.09673533941474921","418.64927741965215","418.64927741965215","465.01677323295445","1.7524404507035056","2.2569833866480353","1001.4285714285714","381.85714285714283","126.85714285714286","0.019491827727978812","0.025103695443570197","0.07473631139247859","0.09625354922871335","212.69410473339246","","1323.6455104873746","1323.6455104873746","4101.3","1152.0714285714287","681.1142857142858","641.1178235244801","0.030310065113157945","","","17.64787401401427","","","","","","","17.64787401401427","","","","","","","","","","","100000","0.31923618291431044","","","","","","0.46369292223318836","","","","","","0.02103054146664184","","0","","","","","",""
"""up_n_down""","""up_n_down""","""up_n_down""","finished","-","ankeshanand","","2020-06-22T00:12:56.000Z","412076","","0.001","0","0","","","32","10","0.99","true","47383.72093023256","0.0001","2000","","","10","","0.5","100000","true","51.906976744186046","1000000","","407.5988372093023","0.9712209302325582","","0","0","false","1","[""none"",""shift"",""intensity""]","1","32","1","false","0.46153846153846156","0","[""0"",""squared"",""1"",""with_norm""]","0.03877906976744186","1.25","[""none"",""q_l1"",""bilinear""]","false","0.6802325581395349","","0","true","0.05813953488372093","0.25","0.4069767441860465","256","1","0.45348837209302323","[""mlp"",""nature""]","0.6","true","up_n_down","1","59.872093023255815","","","235.22093023255815","0","47383.72093023256","0","0.6","false","up_n_down","1","27000","59.872093023255815","","","235.22093023255815","0","59.872093023255815","0","0.9418604651162791","0","1","0","up_n_down","0","0.6802325581395349","","0.6017441860465116","1","0","","59.872093023255815","pytorch","2.8197674418604652","1","256","true","0","10","true","","0.9418604651162791","0.05813953488372093","0.6511627906976745","","1","","10","100000","0.6802325581395349","50000","0.05813953488372093","-1","custom","0","0","0","1","[""bn"",""in""]","0","0.00015","[""same"",""valid""]","1","0","51.906976744186046","0.09883720930232558","","1000000","50000000","","1","1","2638837.2093023257","100","94.24418604651163","1000","0.01","235.22093023255815","","0.029069767441860465","0","[""ram_bits_test_der_control"",""ram_test_der_control"",""ram_bits_test_hybrid_control"",""ram_test_hybrid_control"",""ram_bits_test_hybrid_byol_squared"",""ram_bits_test_hybrid_byol_nogs_squared"",""byol_ql1_squared_nogs_m5"",""byol_ql1_squared_nogs_m1"",""byol_ql1_squared_nogs_m2"",""ram_test_hybrid_byol""]","0.36046511627906974","0","407.5988372093023","0.9712209302325582","0","[""mlp"",""standard""]","0","0.6666666666666666","1","3","0.5","["""",""./wandb"",""./wandb_ablations""]","0","","","","","","","","5.006846852275217","5.006846852275217","6.01303546922711","5.0422512416288745","3.8291811996502534","0.5642603092861166","3005.8449312027265","3005.8449312027265","3005.9449312027264","1.0547973255984329","1.0548399877144736","6706.686046511628","2833.2558139534885","1070.1744186046512","0.31207494145895615","0.3120875635779575","0.22154921514746914","0.22155817588153248","1194.6501238139797","","1255.8815514446542","1255.8815514446542","2411.110465116279","1190.7325581395348","719.7209302325581","347.61309891766615","0.06354693523297499","","","67.88579366543658","","","","","","","67.88579366543658","","","","","","","","","","","100000","0.6056526280202769","","","","","","0.38938355930296603","","","","","","0.11412617523446687","","0","","","","","",""
"""bank_heist""","""bank_heist""","""bank_heist""","finished","-","ankeshanand","","2020-06-22T00:12:46.000Z","412110","","0.001","0","0","","","32","10","0.99","true","47428.57142857143","0.0001","2000","","","10","","0.5","100000","true","52.114285714285714","1000000","","400.62857142857143","0.9717142857142858","","0","0","false","1","[""none"",""shift"",""intensity""]","1","32","1","false","0.46153846153846156","0","[""0"",""squared"",""1"",""with_norm""]","0.038285714285714284","1.25","[""none"",""q_l1"",""bilinear""]","false","0.6857142857142857","","0","true","0.05714285714285714","0.25","0.4","256","1","0.45714285714285713","[""mlp"",""nature""]","0.6","true","bank_heist","1","60.285714285714285","","","234.66857142857143","0","47428.57142857143","0","0.6","false","bank_heist","1","27000","60.285714285714285","","","234.66857142857143","0","60.285714285714285","0","0.9428571428571428","0","1","0","bank_heist","0","0.6857142857142857","","0.6","1","0","","60.285714285714285","pytorch","2.857142857142857","1","256","true","0","10","true","","0.9428571428571428","0.05714285714285714","0.6571428571428571","","1","","10","100000","0.6857142857142857","50000","0.05714285714285714","-1","custom","0","0","0","1","[""bn"",""in""]","0","0.00015","[""same"",""valid""]","1","0","52.114285714285714","0.11428571428571428","","1000000","50000000","","1","1","2641600","100","94.34285714285714","1000","0.01","234.66857142857143","","0.02857142857142857","0","[""ram_test_der_control"",""ram_bits_test_der_control"",""ram_bits_test_hybrid_control"",""ram_test_hybrid_control"",""ram_bits_test_hybrid_byol_squared"",""ram_bits_test_hybrid_byol_nogs_squared"",""byol_ql1_squared_nogs_m5"",""byol_ql1_squared_nogs_m2"",""byol_ql1_squared_nogs_m1"",""ram_bits_test_hybrid_byol""]","0.37142857142857144","0","400.62857142857143","0.9717142857142858","0","[""mlp"",""standard""]","0","0.6666666666666666","1","3","0.5","["""",""./wandb"",""./wandb_ablations""]","0","","","","","","","","2.7186684620178676","2.7186684620178676","3.1662390011959323","2.7352576617116493","1.9681225346650548","0.2580333096221599","194.47172647066867","194.47172647066867","194.95686932781155","4.89868821931165","4.9118714491253135","272.57142857142856","194.77142857142857","104.51428571428572","0.4338669710485407","0.435034583219763","0.2439731038985907","0.2446296783432285","35.7525399145327","","1216.7142551048228","1216.7142551048228","3006.6685714285713","1121.0942857142857","708.5771428571428","411.3627036846766","0.04523671105212402","","","17.555170692525135","","","","","","","17.555170692525135","","","","","","","","","","","100000","0.22062295923284872","","","","","","0.1597452169385929","","","","","","0.13817402695602346","","0","","","","","",""
"""jamesbond""","""jamesbond""","""jamesbond""","finished","-","ankeshanand","","2020-06-22T00:12:55.000Z","408084","","0.001","0","0","","","32","10","0.9900000000000001","true","43918.91891891892","0.0001","2000","","","10","","0.5","100000","true","44.54054054054054","1000000","","676.0675675675676","0.9331081081081081","","0","0","false","1","[""shift"",""intensity"",""none""]","1","32","1","false","","0","[""1"",""0""]","0.0768918918918919","1.25","[""q_l1"",""bilinear""]","false","0.527027027027027","","0","true","0.13513513513513514","0.25","0.6756756756756757","256","1","1.0135135135135136","nature","","true","jamesbond","1","84","","","236.16216216216216","0","43918.91891891892","0","","false","jamesbond","1","27000","84","","","236.16216216216216","0","84","0","0.8648648648648649","0","1","0","jamesbond","0","0.527027027027027","","0.5","1","0","","84","pytorch","1.2837837837837838","1","256","true","0","10","true","","0.7972972972972973","0.13513513513513514","0.4594594594594595","","1","","10","100000","0.527027027027027","50000","0.13513513513513514","-1","custom","0","0","0","1","[""bn"",""in""]","0","0.00015","valid","1","0","44.54054054054054","0.13513513513513514","","1000000","50000000","","1","1","2425405.4054054054","100","86.62162162162163","1000","0.01","236.16216216216216","","0.06756756756756757","0","[""byol_ql1_b0"",""byol_ql1_rep_test"",""ema_target_control"",""ankesh_config_replication"",""byol_base_no_ema"",""byol_base_shared"",""byol_base_aug_control"",""byol_base_control"",""hybrid_control"",""hybrid_aug_control""]","0.3918918918918919","0","676.0675675675676","0.9331081081081081","0","standard","0","","1","3","0.5","["""",""./wandb"",""./wandb_ablations""]","0","","","","","","","","0.2620361207664025","0.2620361207664025","0.38302113794192055","0.2913720107287395","0.03570383869124376","0.10217897118662758","245.3064548064548","245.3064548064548","247.21861696861697","0.7934939648072442","0.8005084995180372","474.3243243243243","242.56756756756758","60.13513513513514","0.3949360138879949","0.3984272721720229","0.7900162702938451","0.7970000619744958","89.64469098845488","","1113.5884078492647","1113.5884078492647","1754.5405405405406","1098.8175675675675","616.1621621621622","253.14307522500894","0.03163137989684308","","","4.90491287991288","","","","","","","4.90491287991288","","","","","","","","","","","100000","0.13509248792462597","","","","","","0.23766800197885773","","","","","","0.018323055567323564","","0","","","","","",""
"""assault""","""assault""","""assault""","finished","-","ankeshanand","","2020-06-22T00:12:50.000Z","412072","","0.001","0","0","","","32","10","0.99","true","47428.57142857143","0.0001","2000","","","10","","0.5","100000","true","52.114285714285714","1000000","","400.62857142857143","0.9717142857142858","","0","0","false","1","[""none"",""shift"",""intensity""]","1","32","1","false","0.46153846153846156","0","[""0"",""squared"",""1"",""with_norm""]","0.038285714285714284","1.25","[""none"",""q_l1"",""bilinear""]","false","0.6857142857142857","","0","true","0.05714285714285714","0.25","0.4","256","1","0.45714285714285713","[""mlp"",""nature""]","0.6","true","assault","1","60.285714285714285","","","234.66857142857143","0","47428.57142857143","0","0.6","false","assault","1","27000","60.285714285714285","","","234.66857142857143","0","60.285714285714285","0","0.9428571428571428","0","1","0","assault","0","0.6857142857142857","","0.6","1","0","","60.285714285714285","pytorch","2.857142857142857","1","256","true","0","10","true","","0.9428571428571428","0.05714285714285714","0.6571428571428571","","1","","10","100000","0.6857142857142857","50000","0.05714285714285714","-1","custom","0","0","0","1","[""bn"",""in""]","0","0.00015","[""same"",""valid""]","1","0","52.114285714285714","0.11428571428571428","","1000000","50000000","","1","1","2641600","100","94.34285714285714","1000","0.01","234.66857142857143","","0.02857142857142857","0","[""ram_bits_test_der_control"",""ram_test_der_control"",""ram_bits_test_hybrid_control"",""ram_test_hybrid_control"",""ram_bits_test_hybrid_byol_squared"",""ram_bits_test_hybrid_byol_nogs_squared"",""byol_ql1_squared_nogs_m2"",""byol_ql1_squared_nogs_m1"",""byol_ql1_squared_nogs_m5"",""ram_bits_test_der_byol""]","0.37142857142857144","0","400.62857142857143","0.9717142857142858","0","[""mlp"",""standard""]","0","0.6666666666666666","1","3","0.5","["""",""./wandb"",""./wandb_ablations""]","0","","","","","","","","3.5047264552785657","3.5047264552785657","5.609182831476407","3.483554597517906","1.5979323659273281","0.8114131500031774","466.640726028244","466.640726028244","487.61432602824397","1.1697352779130459","1.270183553775115","706.7428571428571","476.75714285714287","185.28","0.07786798636365619","0.08455471721872218","0.47005528488884524","0.5104201809627482","106.31262943344548","","1001.275300306313","1001.275300306313","2120.7085714285713","976.5828571428572","377.7314285714286","316.2873882543472","0.056408472984432245","","","22.23843561079245","","","","","","","22.23843561079245","","","","","","","","","","","100000","0.3934849035489903","","","","","","0.3120318499713625","","","","","","0.11022016519405516","","0","","","","","",""
"""road_runner""","""road_runner""","""road_runner""","finished","-","ankeshanand","","2020-06-22T00:12:52.000Z","407819","","0.001","0","0","","","32","10","0.99","true","43283.58208955224","0.0001","2000","","","10","","0.5","100000","true","43.940298507462686","1000000","","701.8656716417911","0.9261194029850746","","0","0","false","1","[""shift"",""intensity"",""none""]","1","32","1","false","","0","[""1"",""0""]","0.0691044776119403","1.25","[""q_l1"",""bilinear""]","false","0.47761194029850745","","0","true","0.14925373134328357","0.25","0.7014925373134329","256","1","1.0746268656716418","nature","","true","road_runner","1","84","","","230.52238805970148","0","43283.58208955224","0","","false","road_runner","1","27000","84","","","230.52238805970148","0","84","0","0.8507462686567164","0","1","0","road_runner","0","0.47761194029850745","","0.5","1","0","","84","pytorch","1.0746268656716418","1","256","true","0","10","true","","0.7761194029850746","0.14925373134328357","0.43283582089552236","","1","","10","100000","0.47761194029850745","50000","0.14925373134328357","-1","custom","0","0","0","1","[""bn"",""in""]","0","0.00015","valid","1","0","43.940298507462686","0.14925373134328357","","1000000","50000000","","1","1","2386268.656716418","100","85.22388059701493","1000","0.01","230.52238805970148","","0.04477611940298507","0","[""byol_ql1_b0"",""byol_ql1_rep_test"",""ema_target_control"",""ankesh_config_replication"",""byol_base_shared"",""byol_base_no_ema"",""byol_base_control"",""byol_base_aug_control"",""hybrid_control"",""hybrid_aug_control""]","0.373134328358209","0","701.8656716417911","0.9261194029850746","0","standard","0","","1","3","0.5","["""",""./wandb"",""./wandb_ablations""]","0","","","","","","","","3.0485518316162605","3.0485518316162605","4.705820816122566","3.0498683260670654","1.5887237843601332","0.7069167881412354","8778.161963641707","8778.161963641707","8778.550023343201","0.9142891968130268","0.9143296681799239","14432.835820895523","8769.402985074626","3520.89552238806","0.48048351449078996","0.4805047832804363","1.1191245246239494","1.1191740631062999","2449.5250518984226","","923.1949472346207","923.1949472346207","4252.55223880597","807.4925373134329","455.2238805970149","607.9188526367427","0.038447067557503045","","","36.91100150882267","","","","","","","36.91100150882267","","","","","","","","","","","100000","0.3210840114376855","","","","","","0.5627907123619659","","","","","","0.022992511298370186","","0","","","","","",""
"""kangaroo""","""kangaroo""","""kangaroo""","finished","-","ankeshanand","","2020-06-22T00:13:11.000Z","412077","","0.001","0","0","","","32","10","0.99","true","47413.793103448275","0.00010000000000000002","2000","","","10","","0.5","100000","true","52.04597701149425","1000000","","402.92528735632186","0.9715517241379311","","0","0","false","1","[""none"",""shift"",""intensity""]","1","32","1","false","0.46153846153846156","0","[""0"",""squared"",""1"",""with_norm""]","0.03844827586206897","1.25","[""none"",""q_l1"",""bilinear""]","false","0.6839080459770115","","0","true","0.05747126436781609","0.25","0.40229885057471265","256","1","0.4540229885057471","[""mlp"",""nature""]","0.6","true","kangaroo","1","60.14942528735632","","","235.51149425287358","0","47413.793103448275","0","0.6","false","kangaroo","1","27000","60.14942528735632","","","235.51149425287358","0","60.14942528735632","0","0.9425287356321839","0","1","0","kangaroo","0","0.6839080459770115","","0.6005747126436781","1","0","","60.14942528735632","pytorch","2.8448275862068964","1","256","true","0","10","true","","0.9425287356321839","0.05747126436781609","0.6551724137931034","","1","","10","100000","0.6839080459770115","50000","0.05747126436781609","-1","custom","0","0","0","1","[""bn"",""in""]","0","0.00015","[""same"",""valid""]","1","0","52.04597701149425","0.10919540229885058","","1000000","50000000","","1","1","2640689.6551724137","100","94.3103448275862","1000","0.01","235.51149425287358","","0.028735632183908046","0","[""ram_bits_test_der_control"",""ram_test_der_control"",""ram_bits_test_hybrid_control"",""ram_test_hybrid_control"",""ram_bits_test_hybrid_byol_squared"",""ram_bits_test_hybrid_byol_nogs_squared"",""byol_ql1_squared_nogs_m5"",""byol_ql1_squared_nogs_m2"",""byol_ql1_squared_nogs_m1"",""ram_test_der_byol""]","0.367816091954023","0","402.92528735632186","0.9715517241379311","0","[""mlp"",""standard""]","0","0.6666666666666666","1","3","0.5","["""",""./wandb"",""./wandb_ablations""]","0","","","","","","","","0.20072376780742673","0.20072376780742673","0.25182209093471625","0.20157281095613583","0.14448848176133514","0.02710160115996471","1823.8917669287516","1823.8917669287516","1826.248088767832","2.4362598197837917","2.4394996408192386","2828.735632183908","1829.3103448275863","806.8965517241379","0.2649359699355191","0.2652882907846639","0.59399656953696","0.5947864863452337","458.78889016800923","","917.3080246524225","917.3080246524225","1246.0977011494253","914.6896551724138","590.8333333333334","148.58302172795769","0.028525247774595825","","","9.195438240774026","","","","","","","9.195438240774026","","","","","","","","","","","100000","0.09883647623912994","","","","","","0.13212057626891943","","","","","","0.038143154304246765","","0","","","","","",""
"""amidar""","""amidar""","""amidar""","finished","-","ankeshanand","","2020-06-22T00:12:55.000Z","407753","","0.001","0","0","","","32","10","0.99","true","43571.42857142857","0.0001","2000","","","10","","0.5","100000","true","43.42857142857143","1000000","","714.6428571428571","0.9292857142857143","","0","0","false","1","[""shift"",""intensity"",""none""]","1","32","1","false","","0","[""1"",""0""]","0.08071428571428572","1.25","[""q_l1"",""bilinear""]","false","0.5","","0","true","0.14285714285714285","0.25","0.7142857142857143","256","1","1.0714285714285714","nature","","true","amidar","1","84","","","234.77142857142857","0","43571.42857142857","0","","false","amidar","1","27000","84","","","234.77142857142857","0","84","0","0.8571428571428571","0","1","0","amidar","0","0.5","","0.5","1","0","","84","pytorch","1.0714285714285714","1","256","true","0","10","true","","0.7857142857142857","0.14285714285714285","0.42857142857142855","","1","","10","100000","0.5","50000","0.14285714285714285","-1","custom","0","0","0","1","[""bn"",""in""]","0","0.00015","valid","1","0","43.42857142857143","0.14285714285714285","","1000000","50000000","","1","1","2404000","100","85.85714285714286","1000","0.01","234.77142857142857","","0.07142857142857142","0","[""byol_ql1_b0"",""byol_ql1_rep_test"",""ema_target_control"",""ankesh_config_replication"",""byol_base_shared"",""byol_base_no_ema"",""byol_base_control"",""byol_base_aug_control"",""hybrid_control"",""hybrid_aug_control""]","0.35714285714285715","0","714.6428571428571","0.9292857142857143","0","standard","0","","1","3","0.5","["""",""./wandb"",""./wandb_ablations""]","0","","","","","","","","4.247792833216186","4.247792833216186","4.659094802293296","4.249000960053793","3.0220622145112856","0.3156103348427212","120.53113701333761","120.53113701333761","120.53670844190903","0.6276320405543633","0.6276625188288241","179.14285714285714","117.72142857142858","69.47142857142858","0.15637336379083766","0.15638095739663216","0.06694937095952477","0.06695262207032096","25.538407203004063","","872.0783311330722","872.0783311330722","1098.2142857142858","864.35","674.0428571428571","98.34737776386486","0.03635840406096427","","","33.88472112447985","","","","","","","33.88472112447985","","","","","","","","","","","100000","0.28494602341071557","","","","","","0.6093230753062229","","","","","","0.019085604326733657","","0","","","","","",""
"""frostbite""","""frostbite""","""frostbite""","finished","-","ankeshanand","","2020-06-22T00:12:49.000Z","412205","","0.001","0","0","","","32","10","0.99","true","47428.57142857143","0.0001","2000","","","10","","0.5","100000","true","52.114285714285714","1000000","","400.62857142857143","0.9717142857142858","","0","0","false","1","[""none"",""shift"",""intensity""]","1","32","1","false","0.46153846153846156","0","[""0"",""squared"",""1"",""with_norm""]","0.038285714285714284","1.25","[""none"",""q_l1"",""bilinear""]","false","0.6857142857142857","","0","true","0.05714285714285714","0.25","0.4","256","1","0.45714285714285713","[""mlp"",""nature""]","0.6","true","frostbite","1","60.285714285714285","","","234.66857142857143","0","47428.57142857143","0","0.6","false","frostbite","1","27000","60.285714285714285","","","234.66857142857143","0","60.285714285714285","0","0.9428571428571428","0","1","0","frostbite","0","0.6857142857142857","","0.6","1","0","","60.285714285714285","pytorch","2.857142857142857","1","256","true","0","10","true","","0.9428571428571428","0.05714285714285714","0.6571428571428571","","1","","10","100000","0.6857142857142857","50000","0.05714285714285714","-1","custom","0","0","0","1","[""bn"",""in""]","0","0.00015","[""same"",""valid""]","1","0","52.114285714285714","0.11428571428571428","","1000000","50000000","","1","1","2641600","100","94.34285714285714","1000","0.01","234.66857142857143","","0.02857142857142857","0","[""ram_bits_test_der_control"",""ram_test_der_control"",""ram_bits_test_hybrid_control"",""ram_test_hybrid_control"",""ram_bits_test_hybrid_byol_nogs_squared"",""ram_bits_test_hybrid_byol_squared"",""byol_ql1_squared_nogs_m1"",""byol_ql1_squared_nogs_m2"",""byol_ql1_squared_nogs_m5"",""ram_bits_test_der_byol""]","0.37142857142857144","0","400.62857142857143","0.9717142857142858","0","[""mlp"",""standard""]","0","0.6666666666666666","1","3","0.5","["""",""./wandb"",""./wandb_ablations""]","0","","","","","","","","6.655155769599176","6.655155769599176","7.456828025590568","6.682057468716943","4.886827000512446","0.5074810051338374","836.4785537261432","836.4785537261432","836.8568394404289","0.9621738444687417","0.9626457577849664","1320.2285714285715","828.3142857142857","349.8857142857143","2.9315034349150255","2.9329412369457577","0.18064844916878867","0.18073705104589038","234.14834277775157","","821.7897029929545","821.7897029929545","1245.5028571428572","789.3914285714286","493.45142857142855","226.27516925326486","0.2026566010107321","","","54.82850027057351","","","","","","","54.82850027057351","","","","","","","","","","","100000","1.809733679920138","","","","","","0.3504620185663135","","","","","","1.1343741828958203","","0","","","","","",""
"""ms_pacman""","""ms_pacman""","""ms_pacman""","finished","-","ankeshanand","","2020-06-22T00:12:47.000Z","408198","","0.001","0","0","","","32","10","0.99","true","43478.260869565216","0.0001","2000","","","10","","0.5","100000","true","43.594202898550726","1000000","","710.5072463768116","0.9282608695652174","","0","0","false","1","[""shift"",""intensity"",""none""]","1","32","1","false","","0","[""1"",""0""]","0.0817391304347826","1.25","[""q_l1"",""bilinear""]","false","0.4927536231884058","","0","true","0.14492753623188406","0.25","0.7101449275362319","256","1","1.0724637681159421","nature","","true","ms_pacman","1","84","","","236.8985507246377","0","43478.260869565216","0","","false","ms_pacman","1","27000","84","","","236.8985507246377","0","84","0","0.855072463768116","0","1","0","ms_pacman","0","0.4927536231884058","","0.5","1","0","","84","pytorch","1.0724637681159421","1","256","true","0","10","true","","0.782608695652174","0.14492753623188406","0.43478260869565216","","1","","10","100000","0.4927536231884058","50000","0.14492753623188406","-1","custom","0","0","0","1","[""bn"",""in""]","0","0.00015","valid","1","0","43.594202898550726","0.14492753623188406","","1000000","50000000","","1","1","2398260.8695652173","100","85.65217391304348","1000","0.01","236.8985507246377","","0.057971014492753624","0","[""byol_ql1_b0"",""byol_ql1_rep_test"",""ema_target_control"",""ankesh_config_replication"",""byol_base_shared"",""byol_base_no_ema"",""byol_base_control"",""byol_base_aug_control"",""hybrid_control"",""hybrid_aug_control""]","0.36231884057971014","0","710.5072463768116","0.9282608695652174","0","standard","0","","1","3","0.5","["""",""./wandb"",""./wandb_ablations""]","0","","","","","","","","12.187496351769289","12.187496351769289","13.368875957327587","12.354503857037185","9.669224467238092","0.8296191400869923","1128.9858887604828","1128.9858887604828","1132.982990209758","0.9162420704287275","0.9206991416255109","2088.2608695652175","1066.376811594203","564.0579710144928","0.4100842884466151","0.41207914867982137","0.12366778874531292","0.12426937227544785","360.4803856002177","","696.1047307048635","696.1047307048635","1001.231884057971","695.268115942029","479.3188405797101","121.88578191691066","0.03835169754231307","","","81.10443076253704","","","","","","","81.10443076253704","","","","","","","","","","","100000","1.0267912662185164","","","","","","0.5745520037122777","","","","","","0.0176300564104088","","0","","","","","",""
"""hero""","""hero""","""hero""","finished","-","ankeshanand","","2020-06-22T00:12:55.000Z","408207","","0.001","0","0","","","32","10","0.9899999999999999","true","44078.94736842105","0.0001","2000","","","10","","0.5","100000","true","45.05263157894737","1000000","","658.3026315789474","0.9348684210526316","","0","0","false","1","[""shift"",""intensity"",""none""]","1","32","1","false","","0","[""1"",""0""]","0.07513157894736842","1.25","[""q_l1"",""bilinear""]","false","0.5394736842105263","","0","true","0.13157894736842105","0.25","0.6578947368421053","256","1","0.9868421052631579","nature","","true","hero","1","84","","","233.25","0","44078.94736842105","0","","false","hero","1","27000","84","","","233.25","0","84","0","0.868421052631579","0","1","0","hero","0","0.5394736842105263","","0.5","1","0","","84","pytorch","1.381578947368421","1","256","true","0","10","true","","0.8026315789473685","0.13157894736842105","0.47368421052631576","","1","","10","100000","0.5394736842105263","50000","0.13157894736842105","-1","custom","0","0","0","1","[""bn"",""in""]","0","0.00015","valid","1","0","45.05263157894737","0.13157894736842105","","1000000","50000000","","1","1","2435263.1578947366","100","86.97368421052632","1000","0.01","233.25","","0.06578947368421052","0","[""byol_ql1_b0"",""byol_ql1_rep_test"",""ema_target_control"",""ankesh_config_replication"",""byol_base_no_ema"",""byol_base_shared"",""byol_base_control"",""byol_base_aug_control"",""hybrid_control"",""hybrid_aug_control""]","0.40789473684210525","0","658.3026315789474","0.9348684210526316","0","standard","0","","1","3","0.5","["""",""./wandb"",""./wandb_ablations""]","0","","","","","","","","12.185237774766453","12.185237774766453","13.37994027277745","12.295269562565698","9.79665102778858","0.8688752088002388","4702.384302454368","4702.384302454368","4721.521802454368","0.6304261239201318","0.6337087139715898","5230.065789473684","4661.0526315789475","3626.7763157894738","0.19422841528586207","0.19523975069779465","0.12333752701243542","0.12397973792943374","347.2948367813762","","617.1178806138674","617.1178806138674","820.5263157894736","632.9342105263158","477.1842105263158","72.24268117925538","0.025131097074121228","","","63.70098851842273","","","","","","","63.70098851842273","","","","","","","","","","","100000","0.6232718014611583","","","","","","0.33147587902031084","","","","","","0.01746094275684824","","0","","","","","",""
"""alien""","""alien""","""alien""","finished","-","ankeshanand","","2020-06-22T00:12:47.000Z","408168","","0.001","0","0","","","32","10","0.99","true","43478.260869565216","0.0001","2000","","","10","","0.5","100000","true","43.594202898550726","1000000","","710.5072463768116","0.9282608695652174","","0","0","false","1","[""shift"",""intensity"",""none""]","1","32","1","false","","0","[""1"",""0""]","0.0817391304347826","1.25","[""q_l1"",""bilinear""]","false","0.5072463768115942","","0","true","0.14492753623188406","0.25","0.7101449275362319","256","1","1.0724637681159421","nature","","true","alien","1","84","","","236.43478260869566","0","43478.260869565216","0","","false","alien","1","27000","84","","","236.43478260869566","0","84","0","0.855072463768116","0","1","0","alien","0","0.5072463768115942","","0.5","1","0","","84","pytorch","1.0869565217391304","1","256","true","0","10","true","","0.7971014492753623","0.14492753623188406","0.43478260869565216","","1","","10","100000","0.5072463768115942","50000","0.14492753623188406","-1","custom","0","0","0","1","[""bn"",""in""]","0","0.00015","valid","1","0","43.594202898550726","0.14492753623188406","","1000000","50000000","","1","1","2398260.8695652173","100","85.65217391304348","1000","0.01","236.43478260869566","","0.07246376811594203","0","[""byol_ql1_b0"",""ankesh_config_replication"",""ema_target_control"",""byol_ql1_rep_test"",""byol_base_shared"",""byol_base_no_ema"",""byol_base_control"",""byol_base_aug_control"",""hybrid_control"",""hybrid_aug_control""]","0.34782608695652173","0","710.5072463768116","0.9282608695652174","0","standard","0","","1","3","0.5","["""",""./wandb"",""./wandb_ablations""]","0","","","","","","","","16.236909960300892","16.236909960300892","17.61293890673844","16.288661704577233","13.840728001676945","0.7899824444703087","674.5630090369597","674.5630090369597","680.3890959934814","0.8724136087423544","0.8837904627875053","1210.5797101449275","627.463768115942","462.8985507246377","0.15724447734652952","0.15929504997658786","0.06474920057348071","0.06559357323924715","157.20483321213848","","604.9585352635993","604.9585352635993","979.0869565217391","588.8985507246376","424.81159420289856","118.7964183954472","0.04437417029409092","","","59.920759979252715","","","","","","","59.920759979252715","","","","","","","","","","","100000","0.7626379809925858","","","","","","0.5376904175749354","","","","","","0.01946640415082414","","0","","","","","",""
"""asterix""","""asterix""","""asterix""","finished","-","ankeshanand","","2020-06-22T00:12:48.000Z","407614","","0.001","0","0","","","32","10","0.99","true","43571.42857142857","0.0001","2000","","","10","","0.5","100000","true","43.42857142857143","1000000","","714.6428571428571","0.9292857142857143","","0","0","false","1","[""shift"",""intensity"",""none""]","1","32","1","false","","0","[""1"",""0""]","0.08071428571428572","1.25","[""q_l1"",""bilinear""]","false","0.5","","0","true","0.14285714285714285","0.25","0.7142857142857143","256","1","1.0714285714285714","nature","","true","asterix","1","84","","","235.11428571428573","0","43571.42857142857","0","","false","asterix","1","27000","84","","","235.11428571428573","0","84","0","0.8571428571428571","0","1","0","asterix","0","0.5","","0.5","1","0","","84","pytorch","1.0714285714285714","1","256","true","0","10","true","","0.7857142857142857","0.14285714285714285","0.42857142857142855","","1","","10","100000","0.5","50000","0.14285714285714285","-1","custom","0","0","0","1","[""bn"",""in""]","0","0.00015","valid","1","0","43.42857142857143","0.14285714285714285","","1000000","50000000","","1","1","2404000","100","85.85714285714286","1000","0.01","235.11428571428573","","0.07142857142857142","0","[""byol_ql1_b0"",""ankesh_config_replication"",""byol_ql1_rep_test"",""ema_target_control"",""hybrid_aug_control"",""hybrid_control"",""byol_base_shared"",""byol_base_no_ema"",""byol_base_aug_control"",""byol_base_control""]","0.35714285714285715","0","714.6428571428571","0.9292857142857143","0","standard","0","","1","3","0.5","["""",""./wandb"",""./wandb_ablations""]","0","","","","","","","","6.047146074501083","6.047146074501083","7.445433643869309","6.144094530172584","3.807129064496783","0.878683617110336","718.6873964510642","718.6873964510642","719.4945393082071","1.9504884833246325","1.9535833562431248","1159.2857142857142","712.5","294.2857142857143","0.08767449094296176","0.0878136055339895","0.06133715124872659","0.061434475939397715","211.58841421207393","","439.2693951471928","439.2693951471928","649.2857142857143","435.29285714285714","233.44285714285715","97.86666026466304","0.03739656598500065","","","14.245075799362343","","","","","","","14.245075799362343","","","","","","","","","","","100000","0.28618886629108575","","","","","","0.586564667603664","","","","","","0.027398278490985126","","0","","","","","",""
"""qbert""","""qbert""","""qbert""","finished","-","ankeshanand","","2020-06-22T00:12:47.000Z","407758","","0.001","0","0","","","32","10","0.9900000000000001","true","43661.971830985916","0.0001","2000","","","10","","0.5","100000","true","43.71830985915493","1000000","","704.5915492957746","0.930281690140845","","0","0","false","1","[""shift"",""intensity"",""none""]","1","32","1","false","","0","[""1"",""0""]","0.07971830985915493","1.25","[""q_l1"",""bilinear""]","false","0.5070422535211268","","0","true","0.14084507042253522","0.25","0.704225352112676","256","1","1.056338028169014","nature","","true","qbert","1","84","","","237.38028169014083","0","43661.971830985916","0","","false","qbert","1","27000","84","","","237.38028169014083","0","84","0","0.8591549295774648","0","1","0","qbert","0","0.5070422535211268","","0.5","1","0","","84","pytorch","1.1267605633802817","1","256","true","0","10","true","","0.7887323943661971","0.14084507042253522","0.43661971830985913","","1","","10","100000","0.5070422535211268","50000","0.14084507042253522","-1","custom","0","0","0","1","[""bn"",""in""]","0","0.00015","valid","1","0","43.71830985915493","0.14084507042253522","","1000000","50000000","","1","1","2409577.4647887326","100","86.05633802816901","1000","0.01","237.38028169014083","","0.07042253521126761","0","[""byol_ql1_b0"",""ema_target_control"",""byol_ql1_rep_test"",""ankesh_config_replication"",""byol_base_no_ema"",""byol_base_shared"",""byol_base_aug_control"",""byol_base_control"",""hybrid_control"",""hybrid_aug_control""]","0.36619718309859156","0","704.5915492957746","0.930281690140845","0","standard","0","","1","3","0.5","["""",""./wandb"",""./wandb_ablations""]","0","","","","","","","","5.542927672340447","5.542927672340447","6.081065617245264","5.572435123388604","4.492164788576922","0.3556848849274079","605.3177495361044","605.3177495361044","606.6064819304706","0.4463273503903988","0.4476304165121037","838.7323943661971","565.669014084507","446.1267605633803","0.042313412403648776","0.0424369476836371","0.033211528732467924","0.033308490789360594","119.96622609857131","","437.90010728809875","437.90010728809875","529.4084507042254","434.32394366197184","362.50704225352115","44.82124529637565","0.03627804395388475","","","17.40388988267595","","","","","","","17.40388988267595","","","","","","","","","","","100000","0.37388339398467463","","","","","","0.5513673674882812","","","","","","0.022612557632474616","","0","","","","","",""